{
  "gizmos-infos": {
    "is2D": true,
    "is3DIcon": false,
    "iconSize": 2,
    "gridVisible": true,
    "gridColor": [
      150,
      150,
      150,
      255
    ],
    "isIconGizmo3D": false,
    "iconGizmoSize": 2,
    "isGridVisible": true
  },
  "camera-infos": {
    "c77ecaa8-c936-46c4-a5b0-98692673ed87": {
      "position": {
        "x": 376.03091190108205,
        "y": 667,
        "z": 5000
      },
      "rotation": {
        "x": 0,
        "y": 0,
        "z": 0,
        "w": 1
      },
      "viewCenter": {
        "x": 0,
        "y": 0,
        "z": 0
      }
    },
    "5298bb0b-166e-4978-af98-0047d43757de": {
      "position": {
        "x": 365.4696487714425,
        "y": 600.7407596894905,
        "z": 5000
      },
      "rotation": {
        "x": 0,
        "y": 0,
        "z": 0,
        "w": 1
      },
      "viewCenter": {
        "x": 0,
        "y": 0,
        "z": 0
      }
    },
    "28ae9d67-ed9f-49d5-b793-71283b513c33": {
      "position": {
        "x": 375,
        "y": 667,
        "z": 5000
      },
      "rotation": {
        "x": 0,
        "y": 0,
        "z": 0,
        "w": 1
      },
      "viewCenter": {
        "x": 0,
        "y": 0,
        "z": 0
      }
    },
    "28ca41ea-394e-4330-ad0c-0fcdb6b67fad": {
      "position": {
        "x": 375.21891940334353,
        "y": 669.9357335515475,
        "z": 56.863792583325534
      },
      "rotation": {
        "x": -0.08027373896263433,
        "y": -0.0026880841219310506,
        "z": -0.00021648197131770617,
        "w": 0.9967692080779122
      },
      "viewCenter": {
        "x": 375.3122764877827,
        "y": 667.1296089042613,
        "z": 39.55503546521664
      }
    },
    "f46876e4-e81b-4931-b493-6d367be385e7": {
      "position": {
        "x": 375.0000000000001,
        "y": 667,
        "z": 5000
      },
      "rotation": {
        "x": 0,
        "y": 0,
        "z": 0,
        "w": 1
      },
      "viewCenter": {
        "x": 0,
        "y": 0,
        "z": 0
      }
    }
  },
  "camera-uuids": [
    "5298bb0b-166e-4978-af98-0047d43757de"
  ],
  "camera": {
    "fov": 45,
    "far": 10000,
    "near": 0.01,
    "color": [
      48,
      48,
      48,
      255
    ],
    "wheelSpeed": 0.01,
    "wanderSpeed": 10,
    "enableAcceleration": true,
    "far2D": 10000,
    "near2D": 1,
    "wheelSpeed2D": 6,
    "size": "__default_design__"
  },
  "float-window": {
    "position": {
      "cc": {
        "Camera": {
          "dock": false,
          "top": null,
          "bottom": 10,
          "left": null,
          "right": 10
        }
      }
    }
  },
  "scene": {
    "native": false
  },
  "game-view": {
    "scaleValue": 86,
    "sliderValue": 42,
    "devicesInfo": {
      "name": "iPhone SE",
      "type": "device",
      "width": 375,
      "height": 667
    },
    "fullScreen": true
  }
}
