{
  "__version__": "1.0.0",
  "current-scene": "45032da9-37f2-4e17-8fd4-47dd41efe1a3",
  "gizmos-infos": {
    "is2D": false,
    "is3DIcon": false,
    "iconSize": 2,
    "gridVisible": true,
    "gridColor": [
      150,
      150,
      150,
      255
    ],
    "isIconGizmo3D": false,
    "iconGizmoSize": 2,
    "isGridVisible": true
  },
  "camera-infos": {
    "f46876e4-e81b-4931-b493-6d367be385e7": {
      "position": {
        "x": 50,
        "y": 50,
        "z": 50
      },
      "rotation": {
        "x": -0.27984814233312133,
        "y": 0.3647051996310009,
        "z": 0.11591689595929514,
        "w": 0.8804762392171493
      },
      "viewCenter": {
        "x": 0,
        "y": 0,
        "z": 0
      }
    },
    "45032da9-37f2-4e17-8fd4-47dd41efe1a3": {
      "position": {
        "x": 0.41067708437269645,
        "y": 3.6982181665359923,
        "z": -104.41845118825708
      },
      "rotation": {
        "x": -0.1705989903273445,
        "y": -0.03104468304665122,
        "z": -0.005377735897138289,
        "w": 0.9848366829634467
      },
      "viewCenter": {
        "x": 0.5157130067490411,
        "y": 3.102569912062468,
        "z": -106.08283345760005
      }
    },
    "430d0e9c-104b-417e-96ea-71a68881d47c": {
      "position": {
        "x": -2.362576420796669,
        "y": 2.105871208621557,
        "z": 2.3172510337184846
      },
      "rotation": {
        "x": -0.25348002343254034,
        "y": -0.30773462834577425,
        "z": -0.08542842041219362,
        "w": 0.9130987138439112
      },
      "viewCenter": {
        "x": -0.47978475262919584,
        "y": 0.23466743519928634,
        "z": -0.15875219176595934
      }
    },
    "d03e01e9-e242-4dc1-b488-b8792d011f95": {
      "position": {
        "x": 1.9083732342915107,
        "y": 4.273801866967972,
        "z": -93.3268173812719
      },
      "rotation": {
        "x": -0.23516208022591903,
        "y": 0.017333508930366854,
        "z": 0.004194500222280835,
        "w": 0.9717925382451456
      },
      "viewCenter": {
        "x": 1.6369016841147388,
        "y": 0.3604420460759823,
        "z": -100.93433922257023
      }
    }
  },
  "camera-uuids": [
    "45032da9-37f2-4e17-8fd4-47dd41efe1a3"
  ],
  "float-window": {
    "position": {
      "cc": {
        "Camera": {
          "dock": false,
          "top": null,
          "bottom": 10,
          "left": null,
          "right": 10
        },
        "ParticleSystem": {
          "dock": false,
          "top": null,
          "bottom": 10,
          "left": null,
          "right": 10
        }
      }
    }
  }
}
